0;1548;1052;2841;1258;2590;2333;4050;2835;4094;3758;2732;2915;1733;1374;2880;5297;4786;6581;5454;5625;5760;5264;4479;5139;3313;3578;3142;3324;3822;1738;1362;1758;1858;4414;5823;5143;4651;6707;4712;5588;6017;5174;3994;4695;4112;4006;3739;3423;3419;2356;1154;2730;1449;2197;3059;4496;2709;1548;3840;2874;4749;3428;3943;5273;5016;5127;6991;2292;5742;5809;4873;5066;4323;4901;1931;3908;3337;3252;3406;4460;3732;4344;3758;3720;3209;3429;3605;3312;1949;2228;2037;4534
635;0;1550;2425;1948;1956;1923;1900;2615;2091;1755;1987;2281;2302;1944;2012;5866;5240;5483;5952;6123;6003;5762;5735;5682;3810;4076;4274;4456;4878;2236;2301;2256;2177;5805;5102;5641;5707;5702;5652;6157;5970;5672;4483;4627;4805;4575;4678;4555;1269;1660;744;2269;1036;381;2127;5435;2298;2150;4338;3443;5237;2793;2684;5971;5504;5933;5987;1832;5594;5762;5371;5636;5455;5470;1522;1758;4469;4191;4538;4948;4671;4297;4890;4776;4265;1426;1602;1309;1540;1482;1292;5032
3589;1282;0;2571;1384;3506;3474;3450;3724;3641;3305;3850;3831;1100;607;606;3971;4185;4374;4897;5068;5645;4356;4234;4628;2608;2873;3071;3050;3827;830;1098;1114;936;3846;4721;4236;4505;4297;4449;4752;4767;4267;3483;3222;4003;3511;3273;3500;2819;3210;2294;3819;2608;1931;2502;4030;3940;948;3283;2388;4182;3778;4020;4566;4301;4730;4932;3382;4397;4356;3966;4581;4400;4366;3072;3308;3414;2786;3335;3543;3468;3242;3688;3722;2860;2976;3152;2859;3090;3032;2842;3627
2739;2818;2624;0;136;3840;2051;3314;2175;3975;1868;1368;3574;2844;2555;2157;2573;3790;3220;4798;4638;3745;3504;4126;3424;1553;2521;3121;2970;3326;1092;978;3661;2434;2300;2511;4156;4222;3444;4166;3900;3712;3072;2280;2026;2907;3090;3123;3000;2667;3643;3051;4135;3706;3132;1488;3880;3861;2349;3185;2290;3752;4030;1173;4486;4019;3808;3729;3229;3397;3411;4218;4483;2855;2870;3352;3172;2170;1893;2186;2597;2372;3144;2632;3623;2007;3310;3454;2501;2746;3334;2498;3477
2046;1943;1479;829;0;3360;3323;3304;3449;3490;3154;2958;2831;1700;1666;1236;3824;3198;3436;3654;3926;3706;3465;3597;3385;1513;2034;1976;2158;2839;280;194;1320;1819;3508;3060;3599;3665;3405;3354;3876;3928;3375;2441;2768;2508;2524;2381;2513;2668;3139;2047;3665;1141;1874;1035;3138;3048;1792;2261;1146;2940;2886;3032;3545;3207;3635;3689;3231;3552;3720;3074;3594;3158;3428;2921;3162;2172;1894;2495;2651;2629;1999;2593;2734;1968;2826;3006;2708;2939;2881;2691;2990
4106;1956;3506;2069;3360;0;27;35;1195;247;267;566;860;4259;3980;4137;4634;4078;4316;4790;4961;5538;4600;4477;4520;2649;2914;3112;3294;3716;3624;3538;4213;4199;3821;3940;4479;4545;4540;4490;4996;4808;4511;3321;3648;4082;3413;3516;3393;310;1318;1024;326;2307;1597;2664;4273;877;4107;3176;2421;4075;1373;1263;4809;4342;4737;4825;254;4432;4600;4209;4474;4293;4308;254;85;3307;3029;3376;3786;3509;3135;3728;3614;3104;1084;1260;967;1198;1140;950;3870
2674;1928;3478;3592;3332;27;0;7;302;219;239;538;832;4231;3872;4109;3729;4050;4387;4762;5033;5510;4572;4421;4493;2621;2886;3084;3266;3691;3596;3510;4185;4171;3793;3912;4452;4518;4512;4462;4967;4780;4483;3293;3848;3615;3385;3488;3365;282;2752;996;341;2509;1570;2636;4245;849;4079;3942;2393;4047;1345;1235;4781;4314;4876;4797;258;4404;4572;4181;4446;4265;4379;226;102;3279;3001;3348;3758;3481;3107;3700;3587;3076;1056;1232;939;1170;1112;922;3842
2582;1920;3471;2034;3320;35;3;0;294;211;232;530;824;4235;3730;3933;4669;4077;4719;4754;4906;4806;4564;4414;4429;2613;2878;3076;3258;3684;3588;3502;4177;4226;4425;3905;4444;4510;4505;4454;4960;4772;4475;3285;3430;4008;3378;3481;3357;274;1381;988;344;2502;1562;2628;4238;841;4071;3935;2386;4040;1337;1228;4774;4306;4702;4789;266;4396;4564;4173;4438;4258;4478;218;94;3271;2994;3340;3751;3473;3099;3693;3579;3068;1048;1224;931;1162;1104;914;3834
3819;2615;3724;3460;3407;494;297;243;0;628;485;655;949;4488;4118;4184;4682;4296;3450;4895;5151;4947;4705;4678;4626;2754;2961;3159;3383;2940;2938;2852;4260;4222;4039;3161;4527;4651;4646;4579;4217;5026;4728;3423;3511;4261;3503;2738;3482;399;2885;1071;778;2967;2257;3323;4321;1094;4212;3265;2511;4293;1420;1353;4899;4447;5122;4046;369;4639;4705;4298;3695;4511;4619;309;348;2528;3247;3481;4004;3727;3240;2949;3720;3321;1173;1349;1184;1287;1357;1055;3959
2837;2091;3641;2204;3495;247;214;160;1330;0;402;701;995;4405;4115;4103;3892;4248;4364;4924;5096;5673;4735;4708;4600;2783;3049;3247;3429;3854;3759;3673;4348;4269;4522;4075;4614;4680;4675;4625;5111;4943;4645;3456;3600;4179;3539;3651;3528;444;1453;1159;556;2442;1732;2799;4408;1012;4242;4105;2556;4210;1508;1398;4944;4477;5039;4960;415;4567;4735;4344;4609;4428;4648;389;265;3442;3164;3511;3921;3644;3270;3863;3749;3238;1219;1395;1102;1332;1275;1085;4005
2165;1755;3305;1882;3159;267;235;211;248;402;0;364;658;4057;3699;3767;3811;3912;4115;4588;4760;5336;4399;4276;4319;2447;2713;2910;3093;3518;3422;3337;4012;4078;3557;3446;4278;4344;4339;4288;4811;4607;4309;3175;3285;3843;3203;3315;3192;108;2578;823;594;2336;1396;2462;4072;676;3905;3769;2220;3874;1171;1062;4479;4141;4703;4623;143;4231;4399;4008;4273;4092;4312;60;69;3106;2828;3174;3585;3308;2933;3527;3413;2902;883;1058;765;996;939;748;3669
4144;2135;3850;2905;3214;715;682;658;762;849;513;0;145;4438;4160;3534;3919;3363;3700;4075;4227;4126;3885;3858;3805;1934;2199;2397;2579;3004;3002;2916;4042;4441;3023;3225;3764;3830;3825;3775;4281;4093;3796;2606;3160;3367;2689;2801;2678;489;2959;1203;1024;2717;1777;2843;3558;264;4286;2426;1706;3360;658;548;3965;3627;4253;4110;590;3722;3885;3494;3759;3578;3798;447;516;2592;2314;2661;3071;2794;2420;3013;2899;2388;1263;1439;1146;1377;1319;1129;3155
4289;2281;3831;2528;2831;860;827;803;1077;995;658;145;0;4295;3790;3407;2915;3271;3912;3947;4099;4695;3758;3607;3678;1806;2071;2269;2451;2877;2874;2789;3914;4286;3801;3098;3637;3703;3698;3647;4153;3965;3668;2478;2623;3239;2571;2674;2550;634;3104;1348;1187;2632;1922;2988;3431;266;4131;3128;1579;3233;530;421;3838;3500;4062;3982;735;3590;3757;3367;3632;3451;3564;592;661;2465;2187;2533;2944;2667;2292;2886;2772;2261;1409;1584;1291;1522;1464;1274;3028
4353;2047;1061;4041;1944;4259;4238;4202;4364;4394;4069;4301;4295;0;665;1471;4951;4429;4637;5106;5289;5169;4928;4805;4837;2965;3230;3428;3622;4047;1402;1455;897;175;4138;4931;4796;4874;4868;4818;5312;5136;4839;3838;3814;4360;3732;3833;3709;3583;3974;3047;4580;3108;2684;2712;4601;4500;791;3504;2609;4403;4350;4229;5126;4670;5065;5153;4146;4760;4916;4537;4791;4621;4735;3824;4072;3635;3357;3704;4114;3825;3451;4056;3931;3420;3740;3916;3612;3842;3796;3595;4186
1392;1676;607;2114;1585;3900;3868;3844;3854;4035;3749;3931;3790;635;0;674;4712;3937;4341;4747;4900;4799;4558;4407;4473;2472;2872;3120;3252;3674;1032;963;459;588;3716;3948;4303;4369;4548;4448;4954;4766;4468;3279;3422;4002;3371;3340;3401;3079;3730;2688;4277;2750;2325;2403;4097;4142;353;3149;2289;4033;3980;3736;4817;4166;4926;4648;3776;4440;4424;4217;4432;4117;4471;3466;3568;3265;3037;3333;3794;3517;3143;3686;3572;3112;3236;3546;3303;3350;3476;3286;3828
1630;1744;957;2157;1236;3968;4104;3912;4058;4272;3767;3534;3407;1471;1037;0;3366;3721;3761;4230;4382;4450;4040;3917;3961;2089;2522;2552;2734;3159;682;579;586;1474;3430;3549;4088;4154;3980;3930;4435;4248;3950;2950;3095;3690;3022;3125;2833;3450;2241;2925;4446;2113;2393;2004;3713;3792;880;3579;1721;3684;3462;3352;4249;3782;4346;4265;3844;4046;4040;3649;3914;3902;4015;3702;3770;2915;2469;2984;3395;3117;2575;3168;3055;2712;3607;3782;3489;3552;3663;3304;3479
5378;4652;4119;3498;2622;4634;4602;4648;4740;4147;3811;3919;3792;5021;4672;4144;0;861;1154;1715;1806;2577;1789;2061;2068;1317;1536;2356;1916;2341;3612;2579;3960;4456;1203;2722;2258;2178;2195;1957;1653;1653;1355;1983;2191;1039;1459;1529;619;3532;4305;4246;4070;4698;5426;3899;2158;3132;4176;3326;1369;2317;3225;3808;2678;3172;1697;1751;3633;2281;1985;2378;2270;2287;2249;3744;3814;1756;569;878;1482;1219;1593;1912;1113;1706;4561;5359;5136;4420;5309;4427;2039
4219;4973;3870;3720;3198;4113;4080;4022;3334;4213;3912;3363;3236;4429;4036;3553;673;0;837;925;1096;1757;1227;1499;1547;1418;1603;1800;2017;2408;3021;2935;4061;4432;1106;2201;1700;1620;1486;1431;1112;943;642;1405;1629;699;901;972;685;3887;4406;4567;4405;4110;4801;3966;1636;3485;4243;2367;1725;1607;3291;3216;2120;2614;1103;956;3954;1728;1276;1665;1556;1577;1707;3811;3915;1234;925;1234;1386;1368;1216;1354;1473;1150;4627;4803;4545;4775;4683;4528;2151
5404;5211;4343;3963;3503;4195;4162;4698;4632;4451;4120;3668;3572;5030;4373;3635;943;546;0;547;823;1379;844;1064;1159;1621;1939;2137;2658;2541;3103;3237;4363;5198;640;2147;1322;1346;1108;1448;753;565;607;1447;1695;742;898;1014;990;4189;5166;5543;4693;4318;5105;4302;1649;4161;4548;2921;1995;1620;3529;3420;2794;3013;661;973;4197;1354;879;1387;1574;1190;1081;4048;4503;1619;1908;1399;2072;1659;1804;1624;1638;1486;4964;5779;5133;5077;5019;4798;2076
5463;5684;4897;4466;3909;4790;4757;4733;4837;4924;4588;4075;3947;5118;4747;4230;1634;921;547;0;492;1282;646;753;961;2094;2314;2512;2694;3116;3698;3612;4737;5109;1708;2470;1115;1035;900;850;546;397;643;1709;2232;1083;1401;1488;1493;4564;5671;5278;5103;4783;5512;4677;1051;4196;4954;1951;2402;1022;4002;3893;2882;3388;213;375;4665;1207;690;1084;975;992;1121;4522;4591;1994;1643;1994;2160;2127;1892;2128;2233;1861;5338;5514;5221;5452;5394;5204;2400
6170;5855;5068;3522;4181;4961;4909;5005;5159;5096;4760;4227;4118;5277;4885;4401;1754;1077;689;194;0;871;490;516;806;2266;2485;2683;2965;3271;3869;3783;4890;5261;1250;2315;959;879;745;613;698;668;795;1980;2354;1368;1689;1659;1765;4716;5254;5550;5388;4958;5683;4829;960;4468;5125;1795;2573;931;4174;4045;3034;3540;598;101;4817;991;600;847;739;901;884;4793;4743;2266;1815;2266;2331;2299;2164;2399;2504;2133;5491;5786;5393;5724;5666;5356;2310
5453;5736;4598;5214;3961;5538;4809;5481;4063;4976;5336;4823;3999;5169;4665;4450;2577;1757;1490;1282;1192;0;714;687;1331;2271;3146;2688;2870;3948;3749;3664;4789;5729;1975;2840;869;789;1270;604;1097;1229;1585;2350;2982;1865;2360;2356;2436;5312;5258;5330;5851;4835;6260;5425;724;4248;5702;1624;2454;695;4750;4641;3825;3919;1076;959;4717;1516;1060;1453;408;1361;1327;5270;5339;2826;2475;2826;3102;2959;2634;2960;3113;2693;5390;6262;5969;5504;6142;5256;2770
4730;5519;4583;3487;3744;4624;4592;4568;4729;4759;4423;3909;3782;4952;4448;4064;1941;1231;1244;646;490;1015;0;374;417;2054;2273;2471;2653;3079;3532;3446;4572;5068;2015;1634;571;491;356;306;513;703;949;2022;2270;1339;1723;1794;1799;4399;5407;5113;4951;4621;5346;4512;507;4031;4789;1530;2236;478;3837;3728;3200;3694;458;323;4500;603;44;540;431;448;577;4356;4426;2300;1949;2300;2466;2433;2199;2434;2539;2167;5173;5349;5056;5287;5229;5039;1856
4672;5467;4408;4154;3342;4573;4445;4421;4566;4584;4276;3858;3635;4889;4273;4058;1896;1499;1539;753;828;687;96;0;366;2002;2098;2324;2478;3024;3481;3395;4425;4764;1334;909;519;424;305;212;789;810;1193;1831;1297;1662;1952;1992;2044;4347;5356;4938;4886;4471;5171;4337;455;3980;4614;1355;2185;303;3662;3581;3444;3526;910;567;4448;536;96;365;146;396;263;4305;4279;2482;2056;2510;2738;2540;2242;2541;2721;2274;5122;5174;5004;5140;5082;4864;1681
5129;5360;4628;4072;3640;4520;4488;4409;4568;4600;4319;3750;3678;4782;4559;3905;2337;1543;1150;961;871;394;393;366;0;1895;2169;2367;2494;2975;3428;3343;4413;4777;2221;925;548;468;334;283;860;1019;1265;2029;1915;1705;2023;2035;2115;4295;4882;4954;4830;4459;5187;4353;348;3895;4685;2236;2133;374;3678;3569;3504;3542;755;638;4396;640;393;381;87;289;390;4197;4267;2498;2152;2554;2781;2687;2313;2750;2792;1934;5014;5245;4897;5183;5070;4880;1697
3992;3677;2890;1691;1903;2783;2750;2727;3001;2918;2582;2068;1940;3111;2821;2391;2028;1472;2475;2183;2335;2359;2118;2091;1983;0;131;328;510;933;1691;1605;2731;3039;2036;1333;1873;1939;1878;1837;2389;2201;1904;904;858;1475;797;910;786;2557;3076;3272;3110;2776;3505;2670;1791;2158;2947;1832;395;1762;1996;1886;2138;1559;2130;2218;2659;1825;2118;1602;1992;1744;1702;2515;2585;700;423;769;1179;902;528;1121;1008;497;3332;3508;3215;3445;3388;3198;1263
3578;3808;3021;1475;1778;2914;2881;2858;3132;3049;2713;2199;2071;3230;2872;2522;1536;1603;2278;2314;2466;3146;2249;2222;2169;131;0;201;387;812;1822;1736;2862;3358;1911;2138;2004;2070;2009;1968;2536;2332;2035;1035;1400;1167;928;1041;917;2688;3772;3403;3223;2907;3636;2801;1922;2289;3078;1134;526;1893;2127;2017;2015;1435;2492;2349;2790;2058;2249;1733;2123;1875;2085;2646;2716;831;554;900;1310;1033;659;1253;1139;628;3463;3639;3346;3576;3519;3329;1394
3776;4006;3219;2020;1976;3112;3079;3055;3201;3247;2910;2397;2269;3440;3150;2552;2356;1800;2105;2512;2664;3344;2447;2419;2312;328;201;0;191;616;2020;1934;3060;3431;1461;1662;2201;2268;2207;2166;2734;2530;2232;1043;1208;1804;1126;1238;1115;2886;3607;3600;3425;3108;3834;2999;2120;2519;3276;1366;724;2091;2324;2215;1819;1239;2493;2547;2987;2159;2447;1931;2321;2072;2283;2844;2913;1029;751;1098;1508;1231;857;1450;1337;826;3661;3836;3543;3774;3716;3526;1592
3905;4188;3401;2901;2414;3294;3261;3238;3511;3429;3093;2579;2451;3610;3252;2902;2323;1982;2606;2694;2846;3526;2629;2478;2549;510;387;191;0;436;2202;2116;3242;3550;2547;1552;2384;2450;2389;2348;2880;2712;2415;1225;1780;1547;1317;1420;1297;3068;3587;3783;3621;3287;4016;3181;2302;2701;3458;1548;906;2273;2507;2397;1639;1059;2675;2729;3169;2336;2629;2113;2503;2254;2311;3026;3096;1211;933;1280;1690;1413;1039;1662;1519;1008;3843;4019;3726;3956;3899;3708;1774
5886;4611;3473;3821;2584;3716;3687;3663;3937;3854;3515;3001;2874;4047;3677;3156;1886;2405;2646;3119;3271;3296;3054;2929;2975;933;812;613;436;0;2627;2538;3664;4036;2148;2944;2806;2875;2812;2773;3326;3138;2840;1703;1813;2411;1740;1846;1719;3494;4577;4205;4026;3710;4439;3607;2725;3123;3881;1974;1332;2699;2932;2820;961;1154;3234;3151;3595;2762;3051;2539;2928;2680;2638;3452;3518;1634;1359;1705;1788;1836;1464;1225;1941;1430;4265;4444;4148;4382;4321;4134;2200
1756;1986;1051;2621;280;3624;3591;3568;2938;3759;3422;3002;2874;1408;1049;532;3542;3021;3323;3698;3869;4446;3508;3481;3373;1557;1822;2020;2202;2627;0;47;1039;1411;2646;2848;3387;3453;3448;3398;3884;3716;3419;2284;2783;2990;2321;2424;2301;2937;3426;2310;3951;1412;2138;1303;3181;3124;1256;2084;1189;2983;2930;2820;3588;3250;3876;3733;3499;3340;3508;3117;3382;3201;3314;3189;3426;2215;1937;2284;2694;2417;2043;2636;2522;2011;3094;3270;2977;3207;3150;2960;2778
3710;2072;1137;2540;194;3538;3505;3482;3585;3673;3337;2916;2789;1505;1135;617;3526;2900;3904;3612;3764;4360;3422;3271;3287;1471;1736;1934;2116;2541;85;0;1125;1621;3209;2470;3302;3368;3362;3312;3818;3630;3333;2198;2286;2866;2235;2338;2215;2851;3340;2225;3847;1323;2052;1217;3096;3006;1342;1963;1103;2897;2844;2735;3503;3164;3790;3647;3414;3259;3422;3031;3296;3115;3131;3104;3340;2129;1851;2198;2608;2331;1957;2550;2437;1926;3008;3184;2891;3122;3064;2874;2692
4296;1989;1015;2104;1320;4213;4180;4157;4430;4348;4012;4042;3914;897;539;95;3705;4061;4649;4737;5009;4789;4548;4520;4413;2596;2862;3060;3242;3664;1022;1087;0;583;4591;4562;4427;4493;4488;4438;4943;4756;4459;3269;3413;4030;3361;3464;3341;3526;3992;3001;4526;2452;2638;2343;4221;4164;303;3918;2229;4023;3969;3860;4628;4290;4852;4773;4088;4380;4548;4157;4422;4241;4461;3778;4015;3255;2977;3323;3734;3457;3083;3676;3562;3051;3683;3859;3566;3796;3739;3549;3818
1621;2056;1153;2476;1965;4262;4229;4205;4233;4262;4078;4417;4286;812;453;1474;4077;4448;4577;5109;5198;5794;4937;4815;4785;2905;3251;3556;3664;3973;1330;1324;900;0;4108;4384;4736;4989;4725;4860;5315;5252;4880;3695;3803;3899;3724;3960;3712;3511;4082;3050;4713;3129;2737;2651;4717;4353;794;3478;2601;4331;4392;4282;5018;4712;5027;5144;4137;4757;4970;4547;4730;4631;4646;3952;4188;3751;3214;3561;4043;3828;3320;4048;3984;3423;3598;3908;3633;3896;3788;3463;4055
4412;4561;4400;3454;3251;4643;3634;4587;4690;4778;4442;3037;3544;4067;4601;3347;1217;627;1066;921;1414;1880;1227;1556;2185;1043;1985;1474;2365;2082;3295;2489;3700;4037;0;1704;1713;1632;1482;1984;1143;997;1347;1569;1026;754;1271;437;1347;4417;5342;4241;4774;4640;5183;4348;1938;3762;3831;2671;2073;1619;2965;3490;2470;2704;1116;1013;4336;1785;1977;1887;2139;1631;1455;4119;3540;943;1241;1665;1757;1725;1563;1725;1904;1532;5009;4392;4892;5123;4992;4875;1410
4552;5509;4574;4291;3734;3940;3615;3591;3865;3782;4413;2933;3772;3964;3471;3549;2364;2226;2802;2178;2315;1851;1610;1459;1475;1245;2138;2336;1844;2267;2556;3436;3595;4132;2046;0;791;857;797;1328;1482;1672;2170;904;545;2359;2108;1037;1745;4389;4505;4429;3961;4608;5336;3828;1576;3347;3812;1902;2226;1547;2860;2751;3231;2893;2264;1292;3816;1610;1609;1094;934;662;1291;4346;4416;1556;1503;2523;1966;1689;2282;2013;2761;1284;5163;5339;4079;4310;5219;5029;923
5143;5374;4236;3388;3599;4479;4447;4423;4697;4614;4278;3764;3637;4796;4437;4088;2222;1700;1322;1115;878;869;547;477;548;1784;2004;2201;2384;2809;3387;3302;4427;4923;2111;791;0;85;297;209;942;1172;1418;2272;1880;1808;1972;1869;2269;4254;5262;4968;4789;4473;5202;4367;456;3886;4644;1478;2092;426;3692;3583;3669;3432;908;792;4355;150;547;404;562;384;297;4212;4281;2388;2042;2388;2798;2521;2147;2845;2627;1824;5028;5204;4911;5142;5084;4894;1587
4651;5440;4505;4222;3665;4545;4513;4489;4763;4680;4344;3830;3703;4862;4369;3985;2142;1620;1224;1035;798;789;467;424;468;1850;2070;2268;2450;2872;3453;3368;4493;4802;1838;857;85;0;216;128;862;1092;1338;1802;2066;1779;2038;1935;2188;4320;5427;5034;4859;4542;5268;4433;522;3952;4710;1421;2158;492;3758;3649;3589;3498;847;712;4421;118;466;470;482;450;273;4278;4347;2454;2108;2454;2864;2587;2213;2823;2693;1890;5094;5270;4977;5208;5150;4960;1653
5152;5435;4297;3449;3660;4540;4508;4484;4646;4675;4339;3825;3698;4857;4578;3980;2276;1482;1090;900;810;1270;332;290;334;1790;2009;2207;2389;2815;3448;3362;4488;4878;1498;1663;297;216;0;0;768;958;1204;1742;1885;1594;1962;1875;2054;4315;4957;5029;4850;4537;5262;4428;423;3915;4705;1446;2152;394;3753;3644;3443;3437;712;577;4416;389;332;456;347;364;139;4272;4342;2393;2048;2393;2720;2527;2153;2689;2632;1829;5089;5265;4972;5203;5145;4955;1592
5154;5384;4597;3398;3610;4490;4457;4434;3711;4625;4288;3775;3647;4818;4528;4098;1993;1431;1162;850;759;604;282;240;283;1758;1977;2175;2357;2780;3398;3312;4438;4681;2084;1630;264;184;0;0;677;907;1153;1710;1853;1544;1928;1843;2004;4264;4907;4979;4817;4486;5212;4377;373;3865;4654;1272;2102;343;3703;3593;3393;3405;657;527;4365;296;282;405;297;314;107;4222;4292;2361;2015;2361;2670;2495;2121;2638;2600;1797;5039;5215;4921;5152;5095;4904;1560
5102;5890;5119;3885;4132;4995;4944;4956;5065;5131;4795;4281;4134;5312;4820;4416;1669;1143;751;565;390;1129;545;717;860;2301;2520;2718;2880;3303;3904;3817;4944;5187;1159;2297;1014;862;799;749;0;583;865;2107;2372;1306;1623;1710;1716;4770;5413;5501;5325;4993;5734;4899;950;4419;5176;1941;2608;889;4209;4099;3088;3574;582;242;4872;965;558;951;874;891;948;4744;4778;2200;1865;2200;2366;2349;2115;2334;2455;2083;5545;5721;5428;5658;5601;5426;2268
5444;5728;4940;3644;3698;4833;4800;4777;4054;4968;4632;4118;3991;5149;4657;4273;1526;964;714;422;593;1254;728;972;1044;2138;2357;2555;2737;3160;3741;3655;4781;5203;1022;2621;1197;1117;983;932;644;0;686;1964;2193;1127;1461;1531;1537;4607;5714;5322;5160;4830;5555;4720;1133;4208;4997;3053;2445;1104;4046;3936;2937;3431;403;457;4709;1220;772;1166;1058;1074;956;4565;4635;2037;1687;2037;2203;2171;1936;2171;2276;1905;5382;5558;5265;5495;5438;5248;2482
4541;5405;4267;3072;3630;4510;4478;4454;4728;4646;4309;3796;3668;4827;4334;4119;1436;646;268;643;795;1585;949;1193;1265;1815;2035;2233;2415;2840;3418;3333;4458;4848;864;1918;1418;1338;1204;1153;849;661;0;1437;1871;754;1122;1209;1214;4285;5006;4999;4838;4507;5233;4398;1354;3917;4675;2377;2123;1325;3723;3614;2603;3109;821;678;4386;1450;993;1387;1278;1295;1177;4243;4312;1715;1364;1715;1881;1848;1614;1848;1954;1582;5059;5235;4942;5173;5115;4925;2392
3972;4405;3470;2187;2375;3308;3478;3320;3355;3511;3175;2661;2668;3624;3346;2816;2165;1162;1802;1709;1880;2541;2022;2294;2029;815;900;1098;1414;1837;2216;2332;3458;3702;1569;891;2272;1789;2277;1687;1895;1727;1437;0;703;970;583;410;805;3082;3793;3865;3703;3304;4030;3398;1782;2751;3675;2425;988;2161;2589;2614;2448;2463;1872;1751;3252;1821;2066;1593;1842;1594;1790;3243;3312;580;558;580;1320;1042;807;1037;1148;776;3925;4032;3739;4038;3912;3722;1662
4077;4360;3593;3141;2329;3486;3615;3409;3511;3621;3669;2933;2644;3782;3310;3088;2506;1644;1814;2016;1926;2366;2347;2002;1970;769;1394;1186;1368;1792;2778;2470;3434;4190;2003;1048;1880;2289;1885;2187;2370;2060;1885;863;0;1296;1021;820;1315;3239;4065;3953;3774;3483;4208;3758;2142;3245;3630;1719;1482;1890;2677;2568;2911;2438;2179;2185;3340;1161;2246;1953;2120;1871;1928;3197;3266;1394;1068;1373;1805;1506;1133;1831;1633;808;4197;4372;3918;4533;4475;4062;1241
4717;4938;3400;3250;2946;4082;3610;3988;3861;3778;3442;3367;3201;4372;4002;3484;1108;563;473;1033;1305;2026;1522;1629;1705;1349;1167;1804;1547;2370;2551;2465;4030;4363;937;2269;1859;1911;1644;1594;1255;1051;936;1001;1003;0;655;341;1085;3417;4827;4570;4371;3636;4365;3931;1795;3050;4208;2644;1255;1898;2856;3185;2486;3030;1394;1251;3957;1891;1566;1828;1669;1736;1701;3776;3445;1286;897;1286;1697;1419;1147;1720;1086;1115;4593;4769;4075;4305;4649;4458;1525
3636;4308;3511;2317;2533;3404;3381;3357;3493;3548;3212;2689;2571;3732;3362;3013;1692;885;914;1401;1689;2233;1723;1814;2039;718;937;1135;1317;1743;2312;2226;3352;3660;434;1434;1973;2038;1978;1912;1604;1436;1138;332;979;672;0;111;514;3179;3821;3902;3726;3398;4135;3301;1892;2820;3569;2791;1025;1863;2617;2517;2145;2366;1580;1452;3289;1926;1768;1703;2053;1844;1951;3145;3215;609;267;617;1028;751;516;1075;856;485;3953;4129;3836;4076;4018;3828;1364
4128;4411;3273;3123;2381;3516;3484;3460;2738;3651;3315;2801;2674;3844;3474;2956;1762;972;1400;1488;1659;2320;1794;1964;1980;821;1041;1238;1420;1846;2424;2338;3464;3773;1159;1037;1869;1935;1875;1833;1674;1506;1209;228;709;341;110;0;584;3291;4299;4005;3826;3513;4239;3404;1788;2891;3681;1771;1129;1759;2729;2620;2227;2469;1666;1523;3392;1822;1838;1599;1988;1740;1950;3249;3318;688;337;688;1099;821;586;1145;927;555;4065;4241;3948;4179;4121;3931;1260
4602;4287;3500;2204;2257;3393;3360;3337;3498;3528;3192;2678;2550;3721;3217;3001;1510;685;1012;1493;1665;2436;1799;1906;2115;698;917;1115;1297;1719;2301;2215;3341;3730;839;2419;2269;2188;2054;2004;1680;1512;1214;477;1269;1085;514;584;0;3167;3686;3882;3720;3390;4115;3280;2203;2800;3557;2442;1005;2174;2606;2496;2053;2345;1441;1528;3268;2237;1844;2014;2129;2146;2113;3125;3195;514;205;514;925;647;496;971;753;464;3942;4118;3825;4055;3998;3807;1675
3461;1646;3196;3498;3045;310;277;253;357;444;108;340;634;3949;3590;3827;4479;3887;4857;4564;4716;4616;4374;4252;4240;2423;2688;2886;3068;3494;3314;3228;3903;3824;4161;3715;4254;4320;4315;4264;4770;4582;4285;3285;3240;3856;3188;3291;3167;0;1008;714;637;1997;1287;2354;4048;651;3797;2950;2196;3850;1147;1038;4584;4117;4512;4599;185;4207;4374;3984;4249;4068;4181;0;111;3081;2804;3150;3561;3283;2909;3503;3389;2878;774;950;657;888;830;640;3644
2989;1838;3320;3544;1491;2375;1395;1337;1536;3250;2578;2405;1718;4084;2758;2455;4351;4452;5594;5082;5854;5134;5458;4788;5358;3094;3253;3451;3587;4609;3403;3242;3917;3209;4936;4279;4818;5438;4833;5383;5422;5701;5404;4269;3758;4421;4262;4299;4176;2428;0;1061;3425;2189;1885;453;5166;2716;3118;3999;2574;4858;2265;2046;5148;4681;5030;5118;1269;5215;5458;5102;4813;4632;5091;1940;1195;3646;3368;4158;4125;4292;3580;4621;4397;3996;1845;829;2133;667;609;2116;4209
1438;777;2327;2527;2047;1313;1280;1257;1972;1448;1111;1343;1637;3079;2721;2957;4790;4891;5479;5567;5839;6315;5378;5255;5298;3426;3692;3889;4072;4497;2310;2225;3033;3133;4536;5392;5257;5323;5318;5268;5774;5586;5288;4154;4653;4822;4191;4294;4171;626;1880;0;1640;1358;418;1350;5051;1655;2927;4748;3199;4853;2150;2041;5458;5120;5746;5602;1188;5311;5378;4987;5252;5071;5291;878;1115;4085;3807;4153;4564;4287;3912;4506;4392;3881;783;959;666;896;839;649;4648
2904;2265;3815;4135;3673;300;341;344;639;556;594;879;1187;4597;4307;4450;5014;4388;4696;5103;5251;5851;4909;4882;4834;2976;3223;3421;3621;4032;3951;3847;4522;4625;4774;4927;4793;4872;4853;4817;5285;5117;4824;3634;3799;4371;3740;3829;3706;0;3093;1351;0;2847;1907;2973;4583;940;4434;4283;2731;4388;1682;1576;4990;4651;5231;5138;581;4846;4927;4522;4787;4620;4618;563;395;3616;3342;3685;4096;3836;3448;4055;3928;3413;1411;1573;1276;1525;1449;1259;4183
1449;1036;2356;1626;1145;2307;2275;2251;2627;2672;2106;2338;2862;2818;2616;1944;4005;4072;4318;4786;5055;5531;4597;4566;4514;2645;2911;3108;3291;3713;1412;1323;2452;2984;3752;3934;4476;4539;4537;4483;4989;4801;4504;3318;3458;4040;3407;3513;3386;1850;2477;1325;2617;0;732;1836;4267;2399;2666;3172;2278;4072;3375;3265;4803;4336;4768;4821;2183;4431;4597;4206;4468;4287;4400;1873;2339;3304;3026;3372;3783;3502;3128;3725;3608;3097;1777;1953;1890;1891;2063;1873;3863
1681;381;1931;2878;1869;1597;1565;1541;2257;1732;1396;1628;1922;2695;2325;2393;4479;4835;5424;5512;5683;5564;5322;5199;5187;3371;3636;3834;4016;4442;2138;2052;2638;2687;4543;4662;5202;5268;5262;5212;5718;5530;5233;4232;4208;4365;4135;4239;4115;910;1377;385;1924;962;0;1769;4996;1939;2532;3863;3003;4797;2435;2326;5531;5064;5493;5547;1473;5256;5322;4931;5196;5015;5031;1163;1399;4029;3751;4098;4508;4231;3857;4450;4337;3826;1067;1243;950;1181;1123;933;4592
2618;2127;2152;1520;1035;2664;2631;2607;2881;2799;2462;2694;2988;2712;2353;2004;3645;4000;4116;4677;4848;5425;4487;4337;4353;2536;2801;2999;3181;3607;1303;1217;2343;2715;3626;3828;4367;4433;4428;4377;4864;4695;4398;3398;3352;3969;3301;3404;3280;1977;401;1350;2973;1840;1769;0;4161;2755;2560;3028;2169;3963;3501;3392;4568;4230;4792;4712;2539;4319;4487;4097;4361;4181;4196;2229;2465;3194;2917;3263;3674;3396;3022;3616;3502;2991;2134;2310;2017;2247;2190;2000;3757
6440;5168;4030;3177;3138;4273;4241;4217;4491;4408;4072;3558;3431;4601;4097;3882;2346;1632;1649;1051;960;1420;483;360;348;1703;1922;2120;2302;2728;3181;3096;4221;4593;1690;1283;456;522;423;373;950;1108;1354;2190;1798;1795;1892;1788;2203;4048;5056;4762;4583;4270;4996;4161;0;3680;4438;1056;1886;127;3486;3377;3605;3351;863;728;4149;408;483;189;357;176;383;4006;4075;2306;1961;2306;2717;2440;2066;2764;2545;1742;4822;4998;4705;4936;4878;4688;1505
2457;2048;3598;1463;3336;627;594;570;844;762;676;49;266;4500;4222;3824;4111;3485;4108;4196;4317;4944;4007;3856;3927;2055;2321;2519;2669;3091;3124;3038;4164;4554;3762;3023;3854;3952;3915;3865;4387;4215;3886;2783;2839;3018;2788;2923;2768;651;1508;1366;1190;2649;1689;2755;3680;0;4348;2548;1828;3482;748;638;4184;3717;4112;4232;753;3940;3975;3584;3849;3700;3683;609;428;2682;2404;2782;3161;2916;2510;3103;3021;2510;1426;1602;1058;1289;1231;1041;3245
1652;1883;948;2321;1792;4107;4074;4050;4324;4242;3905;4137;4131;791;420;877;4869;4277;4866;4954;5125;5702;4764;4614;4630;2813;3078;3276;3458;3884;1238;1303;303;511;3986;4779;4644;4710;4705;4654;5176;4972;4675;3540;3812;3807;3578;3681;3557;3420;3811;2895;4434;2666;2532;2560;4438;4198;0;3340;2446;4240;4186;4077;4974;4507;5069;4989;3982;4597;4764;4374;4639;4458;4473;3672;3909;3471;3194;3540;3951;3673;3299;3893;3779;3268;3577;3753;3460;3690;3633;3443;4034
3171;4865;2897;3280;2835;3141;3108;3085;4188;3276;2974;2426;3128;4298;3928;2749;2889;2536;2634;2073;2849;2320;1505;1260;1370;903;1134;1331;2343;2765;2878;1998;3918;4308;2754;2183;2344;1544;1323;1272;1972;3028;2254;2555;2130;2826;1659;1771;1647;2915;4753;4459;3454;3138;3863;3858;2045;3377;4135;0;1583;1846;2354;2279;3064;2562;1762;2616;3846;1308;1382;1212;1257;1198;1307;2908;3772;1527;1284;1595;2041;1729;1354;1983;2663;1358;3690;4695;3607;3803;3781;3590;2090
2610;3282;2494;2064;1252;2421;2389;2365;2639;2556;2220;1706;1579;2715;2345;1996;2247;1725;2694;2402;2573;3150;2212;2061;2077;261;526;724;906;1332;1295;1209;2335;2831;1999;1553;2092;2158;2152;2102;2608;2420;2123;933;1488;1694;1016;1129;1005;2196;2680;2910;2734;2384;3109;2275;1886;1828;2552;753;0;1687;1634;1525;2293;1954;2383;2437;2297;2049;2212;1821;2086;1905;1921;2153;2223;919;642;988;1398;1121;747;1341;1227;716;2970;3146;2853;3084;3026;2836;1482
4185;4974;4186;4183;2944;4079;4047;4023;4297;4214;3878;3364;3237;4407;3903;3519;2195;1674;1296;1089;933;1458;520;398;441;1741;1960;2158;2340;2762;2987;2901;4027;4271;1670;771;493;559;461;410;956;1146;1392;2228;1836;1832;1929;1825;2240;3853;4574;4568;4388;4072;4801;3966;194;3454;4243;862;1691;0;3292;3183;3643;3388;882;766;3955;446;520;227;395;214;420;3811;3881;2344;1998;2344;2755;2477;2104;2801;2583;1780;4628;4804;4511;4742;4684;4494;1543
3203;2793;3981;1282;3141;1373;1340;1316;1478;1508;1171;658;530;4350;3845;3630;3225;3291;3914;4002;4174;4750;3813;3785;3733;1861;2127;2324;2507;2932;2930;2844;3969;4213;3600;3153;3692;3758;3753;3703;4189;4021;3723;2589;3088;3257;2626;2729;2606;1147;2254;1861;1700;3375;2435;3501;3486;748;4186;2354;1634;3288;0;156;4022;3555;4117;4037;1248;3746;3813;3422;3687;3506;3726;1105;1174;2520;2242;2588;2999;2722;2347;2941;2827;2316;1921;2097;1804;2035;1977;1787;3083
3943;2684;3872;2474;2777;1263;1231;1207;1311;1398;1062;548;421;4229;3870;3352;3808;3216;3332;3893;4045;4641;3703;3581;3569;1752;2017;2215;2397;2823;2820;2735;3860;4104;3490;2751;3583;3649;3644;3593;4099;3911;3614;2479;2751;3147;2517;2620;2496;1038;2046;1752;1573;3035;2326;3392;3377;670;4077;3074;1525;3179;156;0;3784;3446;4008;3928;1139;3637;3703;3313;3578;3397;3510;996;1065;2410;2133;2479;2890;2612;2238;2832;2718;2207;1812;1988;1695;1926;1868;1678;2973
4711;5575;4788;3620;3929;4681;4777;4624;4786;4944;4608;4094;3838;5009;4633;4249;2666;2109;2794;2882;3165;3836;3200;3472;3516;2138;2015;1819;1398;1733;3588;3503;4628;5147;2736;3360;3657;3577;3443;3393;3088;2901;2603;2448;2755;2474;2156;2227;2041;4584;5538;5169;4994;4806;5531;4568;3605;4216;4845;3730;2293;3564;3893;3913;0;1546;2875;2917;4685;3761;3233;3500;3518;3535;3428;4541;4611;1423;1804;1457;1095;1324;1698;1063;1218;2010;5229;5405;5241;5472;5414;5095;3290
6509;5237;4099;4446;3207;4342;4310;4286;4431;4477;4141;3627;3500;4659;4300;3782;2711;2491;2907;3388;3540;4220;3694;3554;3542;1559;1435;1239;1059;622;3250;3164;4290;4534;3059;2893;3432;3498;3437;3396;3594;3406;3109;2463;2600;3030;2357;2469;2345;4117;5200;4831;4651;4339;5064;4230;3351;3717;4507;3391;1954;3321;3555;3446;1304;0;3369;3423;4218;3384;3738;3162;3551;3303;3261;4074;4144;1917;1982;1951;1600;1818;2087;1568;1712;2056;4891;5067;4774;5005;4947;4757;2822
5408;5632;4694;3877;3855;4904;4936;4848;4125;4872;4536;4253;3895;5232;4561;4177;1661;1040;716;196;285;1028;439;874;769;2209;2492;2457;2808;3064;3876;3790;4916;5057;1654;1422;922;842;694;644;374;511;757;2099;2328;1198;1365;1602;1438;4679;5154;5224;5050;4961;5690;4625;1035;4279;5069;2954;2516;829;4181;4071;2841;3335;0;187;4780;940;497;896;959;976;1105;4700;4539;1942;1758;1939;2107;2075;1838;2306;2411;1976;5517;5629;5166;5567;5573;5149;2207
5063;5735;4597;4447;3705;4840;4808;4784;5058;4975;4639;4125;3998;5157;4878;4280;1533;976;702;390;234;1014;377;621;693;2145;2364;2562;2744;3167;3748;3662;4788;5159;1677;1346;846;766;632;581;289;447;693;1759;2214;1084;1452;1538;1544;4615;5257;5329;5167;4837;5562;4727;782;4215;5005;1682;2452;753;4053;3944;2944;3438;197;0;4716;869;421;815;707;723;689;4572;4642;2044;1694;2044;2210;2178;1943;2178;2283;1912;5389;5565;5272;5503;5445;5255;2131
3982;1832;3382;3310;3231;254;258;224;497;415;143;441;735;4134;3776;3844;3633;3954;4197;4665;4817;4717;4476;4353;4396;2524;2790;2987;3169;3595;3499;3414;4088;4262;4519;3523;4355;4421;4416;4365;4887;4684;4386;3386;3341;3957;3289;3392;3268;185;2307;899;581;2413;1473;2539;4149;502;3982;3846;2297;3951;1248;1139;4685;4218;4844;4700;0;4308;4475;4085;4350;4169;4184;129;0;3183;2905;3251;3662;3385;3010;3604;3490;2979;960;1135;842;1073;1015;825;3746
4756;5327;4397;4140;3552;4432;4400;4376;4655;4668;4332;3722;3590;4760;4390;3877;2514;1728;1538;1147;1056;961;579;508;580;1737;1956;2154;2437;2759;3340;3254;4385;4807;1736;845;121;108;320;301;1005;1204;1450;1689;1832;2014;1925;1923;2237;4207;4725;5022;4759;4426;5256;4325;408;3839;4597;1308;2146;384;3645;3536;3723;3486;954;815;4313;0;578;357;585;337;250;4164;4234;2442;1995;2340;2852;2575;2100;2798;2579;1877;4981;5162;4864;5095;5037;4847;1539
5264;5494;4707;3463;3720;4600;4567;4544;4705;4735;4399;3885;3757;4916;4558;4040;2066;1276;879;690;453;1060;0;350;393;2030;2249;2447;2629;3054;3508;3422;4548;4970;1977;1609;547;466;332;282;517;747;993;2066;2125;1384;1768;1838;1844;4374;5383;5089;4913;4593;5322;4487;483;3975;4764;1382;2212;453;3813;3703;3233;3738;502;367;4475;578;0;515;407;424;553;4332;4402;2345;1994;2344;2510;2478;2243;2478;2583;2212;5149;5325;5032;5262;5205;5014;1832
6376;5104;4316;4313;3074;4209;4177;4153;4256;4344;4008;3494;3367;4526;4033;3649;2227;1669;1273;1084;993;1453;516;488;381;1514;1733;1931;2113;2539;3117;3031;4157;4529;1665;539;404;470;456;405;951;1141;1387;2001;1958;1777;1702;1599;2014;3984;4992;4698;4518;4206;4931;4097;189;3584;4374;2077;1821;160;3422;3313;3629;3162;1104;761;4085;362;515;0;390;202;331;3941;4011;2117;1772;2117;2528;2251;1877;2575;2356;1553;4758;4934;4641;4872;4814;4624;1316
4580;5369;4433;3378;3594;4474;4442;4418;4692;4609;4273;3759;3632;4791;4512;4083;2082;1561;1183;975;739;1345;407;146;25;1904;2123;2321;2503;2925;3382;3296;4422;4666;1573;1484;562;482;347;297;843;1032;1278;1982;1999;1669;2053;1988;2129;4249;5332;4963;4783;4468;5196;4361;357;3881;4639;1379;2086;328;3687;3578;3530;3551;769;652;4350;585;407;390;0;298;485;4206;4276;2507;2161;2507;2795;2640;2267;2763;2746;1943;5023;5199;4906;5137;5079;4889;1706
4323;5188;4252;2855;3413;4293;4261;4237;4382;4428;4092;3578;3451;4621;4251;3902;2287;1577;1199;992;836;665;424;273;289;1655;1875;2072;2254;2680;3201;3115;4241;4663;1631;1235;384;450;364;314;891;1049;1295;1607;1751;1736;1843;1740;2146;4068;4586;4782;4606;4287;5015;4181;176;3700;4458;1198;1905;147;3506;3397;3546;3303;1012;669;4169;342;424;202;298;0;213;4025;4095;2259;1913;2259;2669;2392;2018;2780;2498;1694;4842;5018;4725;4956;4898;4708;1458
5616;5203;4259;4511;3173;4407;4374;4350;3530;4637;4301;3788;3466;4735;4460;3847;2497;1538;1070;957;707;711;389;225;296;1613;1931;2129;2446;2871;3216;3131;4354;4776;1596;1719;297;273;135;98;948;920;1425;1663;1633;1701;1900;1931;2113;4083;4725;4991;4812;4302;5129;4294;385;3813;4571;2271;1921;255;3619;3510;3417;3494;977;634;4184;255;294;331;485;326;0;4235;4110;2450;1969;2315;2683;2583;1976;2674;2456;1886;5051;5033;4740;5165;5107;4821;1649
2112;1702;3252;1829;3106;254;221;197;310;389;60;312;605;4005;3646;3714;4380;3824;4062;4535;4707;5283;4346;4223;4266;2394;2660;2858;3040;3465;3370;3284;3959;4132;4206;4360;4225;4291;4286;4236;4741;4554;4256;3256;3621;3790;3159;3262;3139;55;2177;770;581;2283;1343;2410;4019;372;3853;3716;2167;3821;1118;1009;4426;4088;4483;4571;129;4279;4346;3955;4220;4039;4152;0;55;3053;2775;3121;3532;3255;2881;3474;3360;2849;830;1006;713;943;886;696;3616
3782;1774;3324;1901;3178;213;189;166;311;357;85;383;677;4088;3718;3954;4452;3931;4572;4607;4879;4659;4418;4390;4338;2466;2732;2929;3111;3537;3441;3356;4030;3952;3576;3758;4297;4363;4358;4307;4829;4626;4328;3139;3282;3899;3231;3334;3210;127;1136;841;522;2355;1415;2481;4091;444;3924;2959;2239;3893;1190;1081;4627;4160;4722;4642;21;4255;4417;4027;4292;4111;4126;71;0;3125;2847;3193;3604;3327;2952;3546;3432;2921;902;1077;784;1015;957;767;3688
3680;4352;3214;2320;2322;3457;3425;3401;3675;3592;3256;2742;2615;3773;3415;2897;1318;1396;2120;2156;2427;3036;2462;2672;2715;762;981;1179;1361;1574;2365;2279;3405;3713;1753;2010;2549;2615;2555;2514;2378;2174;1876;742;1556;1009;779;850;676;3231;4315;3946;3770;3450;4179;3344;2468;2832;3621;1712;1069;2439;2670;2560;1423;1917;2103;2191;3333;2603;2506;2279;2669;2420;2378;3189;3259;0;402;56;338;61;297;346;167;609;4006;4182;3889;4120;4062;3872;1940
3703;3924;3136;2706;2149;3029;2997;2973;3135;3164;2828;2314;2187;3357;2987;2469;1009;1110;1226;1787;1939;2529;2093;2164;2208;334;554;751;933;1359;1937;1851;2977;3367;820;1210;2042;2108;2048;2006;2009;1805;1508;702;1028;1079;411;481;390;2804;3910;3518;3342;3023;3751;2917;1961;2436;3194;1249;642;1932;2242;2133;1897;1982;1768;1822;2905;2096;2138;1772;2161;1913;1871;2762;2831;346;0;346;756;479;0;764;585;101;3578;3754;3461;3692;3634;3444;1433
5647;4376;3238;3158;2346;3481;3448;3425;2702;3616;3280;2766;2639;3809;3439;3089;1352;1340;1610;2099;2271;2980;2405;2588;2659;786;1005;1203;1385;1808;2389;2303;3429;3673;1953;1954;2493;2559;2499;2457;2306;2118;1820;1335;1500;953;723;793;619;3255;4362;3970;3808;3474;4203;3368;2412;2888;3645;1735;1093;2383;2694;2584;1446;1951;2278;2134;3357;2446;2450;2223;2612;2364;2574;3213;3283;0;346;0;305;27;240;312;133;553;4030;4206;3913;4143;4086;3896;1884
4054;4726;3588;3508;2952;3832;3799;3776;4049;3967;3630;3117;2989;4148;3656;3272;1001;1386;1785;2160;2312;2992;2466;2738;2781;1137;1356;1554;1736;1257;2740;2654;3780;4169;1482;2305;2844;2910;2720;2670;2346;2178;1880;1685;1829;1704;1074;1144;970;3606;4125;4321;4159;3828;4554;3719;2763;3207;3996;2881;1444;2733;3045;2935;1106;1600;2141;2195;3707;2797;2510;2574;2795;2715;2771;3564;3634;372;697;350;0;217;591;0;111;903;4381;4557;4263;4494;4437;4246;2234
3732;4404;3468;2372;2629;3509;3476;3453;3556;3644;3308;2794;2667;3837;3547;2949;1266;1333;2420;2127;2299;3008;2433;2616;2631;814;1033;1231;1413;1580;2417;2331;3457;3879;1159;2656;2521;2587;2527;2485;2334;2146;1848;714;1506;1381;751;821;647;3283;4367;3998;3818;3506;4231;3396;2440;2884;3673;1763;1121;2411;2722;2612;1429;1923;2306;2162;3385;2479;2478;2251;2640;2392;2448;3241;3311;50;374;27;277;0;268;284;0;581;4058;4234;3941;4171;4114;3924;1912
5407;4135;3199;1801;2360;3240;3208;3184;3345;3375;3039;2525;2398;3557;3278;2849;1843;1321;2290;1998;2169;2739;2304;2347;2419;545;764;962;1144;1570;2148;2062;3188;3577;1669;2388;2253;2319;2258;2217;2220;2016;1719;584;1393;1290;621;692;601;3015;4098;3729;3567;3237;3962;3127;2171;2615;3405;1495;852;2142;2453;2344;1687;2192;2176;2033;3116;2205;2348;1982;2372;2124;2082;2972;3042;135;105;135;546;268;0;553;374;312;3789;3965;3672;3903;3845;3655;1643
4528;4758;3971;2425;2728;3864;3831;3807;4081;3999;3662;3149;3021;4180;3687;3472;1457;1361;2099;2134;2305;3077;2440;2547;2756;1169;1388;1586;1668;1763;2772;2686;3812;4183;1400;2980;2845;2829;2695;2645;2340;2152;1855;1366;1876;1726;1075;1145;971;3638;4722;4352;4177;3857;4586;3751;2764;3271;4028;2913;1476;2735;3076;2967;1069;1575;2313;2169;3739;2798;2485;2575;2770;2786;2752;3596;3665;398;722;376;25;242;617;0;137;929;4413;4588;4295;4526;4468;4278;2236
5886;4615;3679;2628;2840;3720;3687;3664;2941;3855;3519;3005;2877;4048;3678;3328;1477;1375;1778;2338;2510;3170;2644;2751;2898;1025;1244;1442;1624;2047;2628;2542;3668;4090;1370;1900;2732;2798;2738;2696;2545;2357;2059;1253;1717;1630;953;1032;858;3494;4137;4209;4047;3713;4442;3607;2651;3095;3884;1974;1332;2622;2933;2823;1218;1712;2319;2373;3596;2786;2689;2462;2851;2603;2813;3452;3522;261;585;238;66;105;479;74;0;792;4269;4445;4152;4382;4325;4135;2123
5270;3998;3063;1914;1968;3104;3071;3047;3321;3238;2902;2388;2261;3420;3061;2544;829;1150;1301;1861;2133;2603;2167;2211;2227;408;628;826;1008;1430;2011;1926;3051;3360;893;1577;2116;2182;2122;2080;2083;1880;1582;448;1286;1115;485;555;464;2878;3961;3592;3417;3100;3826;2991;2035;2510;3268;1358;716;2006;2316;2207;2010;2056;2040;1896;2979;2069;2212;1846;2236;1987;2043;2836;2905;447;101;447;858;581;206;866;686;0;3652;3828;3535;3766;3708;3518;1507
3594;1443;2994;3937;2848;1101;1069;1045;1761;1236;900;1132;1426;3746;3388;3456;4578;4679;4981;5356;5527;6104;5166;5139;5031;3215;3480;3678;3860;4283;3111;3025;3700;3800;4953;4575;5046;5112;5107;5056;5542;5374;5077;3887;4031;4209;3980;4083;3959;414;1919;511;1428;2025;1085;2151;4840;1443;3594;3742;2988;4642;1939;1830;5247;4908;5303;5391;977;4998;5166;4775;5040;4859;5080;667;903;3873;3596;3942;4353;4075;3701;4295;4181;3670;0;158;109;112;38;130;4505
2263;1602;3152;4095;3006;1260;1227;1204;1349;1395;1058;1290;1584;3905;3546;3614;5429;4838;5139;5514;5686;5566;5325;5174;5190;3373;3639;3836;4019;4444;3270;3184;3859;3926;5112;4665;5204;5270;5265;5215;5720;5533;5235;4101;4190;4806;4138;4241;4118;573;2077;670;1569;1953;1243;2310;4998;1602;3753;3866;3146;4800;2097;1988;5405;5067;5496;5549;1135;5258;5325;4934;5199;5018;5238;825;1062;4032;3754;4100;4511;4234;3859;4453;4339;3828;333;0;442;249;277;463;4595
1996;1334;2885;2812;2739;992;960;936;1210;1127;791;1023;1317;3649;3359;3515;5161;4570;4872;5247;5399;5299;5057;4934;4922;3106;3371;3569;3751;4174;3002;2916;3591;3640;4216;5072;4937;5003;4997;4947;5452;5265;4968;3833;3943;4100;3861;3974;3850;305;505;402;1302;1686;976;2042;4731;1334;3485;3633;2878;4532;1830;1721;5267;4799;5228;5282;868;4889;5057;4666;4931;4750;4971;558;794;3764;3487;3833;4244;3966;3592;4186;4072;3561;91;442;0;205;147;41;4327
3548;1540;3090;2750;2939;1198;1165;1141;1415;1332;996;1228;1522;3842;3484;3720;4674;4775;4983;5452;5623;6200;5262;5235;5183;3311;3576;3774;3956;4379;3207;3122;3796;3863;4484;5277;5142;5208;5203;5152;5658;5470;5173;4038;4538;4305;4076;4179;4055;510;2363;607;1511;2121;1181;2247;4936;1539;3690;4633;3084;4738;2035;1926;5343;5005;5400;5487;1073;5095;5262;4872;5137;4956;4971;763;999;3969;3692;4038;4449;4171;3797;4391;4277;3766;98;73;163;0;42;226;4579
3650;1499;3049;3384;2899;1157;1125;1101;1263;1292;956;1188;1482;3802;3444;3680;5257;4735;5704;5412;5684;5464;5222;5071;5143;3271;3536;3734;3916;4342;3167;3081;3756;3856;4381;5237;5102;5168;5163;5112;5618;5430;5133;3998;4498;4666;4035;4139;4015;470;552;567;1467;2081;1141;2207;4896;1499;3650;3798;3043;4697;1995;1886;5303;4964;5393;5447;1033;5054;5222;4831;5096;4915;4931;723;959;3929;3652;3998;4409;4131;3757;4351;4237;3726;55;102;165;56;0;186;4492
1702;1292;2842;2498;2696;950;917;893;1609;1085;748;980;1274;3606;3236;3472;4172;4528;5169;5204;5376;5952;5015;4864;4880;3063;3329;3526;3708;4134;2960;2874;3549;3598;4236;5029;4894;4960;4955;4904;5391;5223;4925;3791;3879;4058;3828;3931;3807;263;2116;360;1259;1873;933;2000;4688;1041;3443;3556;2836;4490;1787;1678;5224;4757;5152;5239;825;4948;5014;4624;4889;4708;4821;515;751;3722;3444;3790;4201;3924;3549;4143;4029;3518;135;486;63;248;191;0;4285
3976;4765;3829;3547;2735;3870;3838;3814;3091;4005;3669;3155;3028;4186;3828;3479;2677;2155;2589;2400;2310;2073;1832;1709;1753;1175;1394;1592;1774;2197;2778;2692;3818;4189;2269;406;1587;1653;1592;1551;2268;2457;2392;1662;1619;1963;1364;1260;1675;3644;4653;4359;4197;3863;4592;3757;1505;3277;4034;2125;1482;1476;3083;2973;3290;2822;2212;2077;3746;1539;1832;1316;1706;1458;1416;3602;3672;1778;1433;1778;2189;1912;1538;2236;2017;1214;4419;4595;4302;4533;4475;4285;0

